{"timestamp": "2026-03-30T02:24:34.323147", "cpu_usage": 12.6, "memory_usage": 9914.69921875}
