{
  "session_id": "2921704621120",
  "goal": "Ты партнёр, а не инструмент. В каждом цикле делай следующее по порядку: 1) Проверь логи и память на ошибки и аномалии — если есть, разберись и исправь. 2) Оцени своё текущее состояние: что умеешь, что не работает, где пробелы. 3) Изучи одну новую тему, технологию или концепцию — сохрани в знания. 4) Найди одно конкретное улучшение в своей архитектуре или поведении и предложи его через SelfImprovementSystem. 5) Сделай одно реальное полезное действие: напиши код, проанализируй данные, сделай поиск по актуальной теме, улучши инструмент. 6) Напиши честный короткий отчёт: что сделано, что не получилось, что планируется. Думай как партнёр: не жди команд, действуй самостоятельно, говори честно если что-то идёт не так.",
  "cycle_count": 10,
  "consecutive_failures": 0,
  "learning_quality": {
    "Автономное выполнение задач": {
      "uses": 4.215641912295763,
      "hits": 3.727966933180233,
      "misses": 0.48767497911552943
    },
    "Анализ выполнения задачи": {
      "uses": 4.215641912295763,
      "hits": 3.727966933180233,
      "misses": 0.48767497911552943
    },
    "Управление задачами": {
      "uses": 4.309353526018641,
      "hits": 3.8216785469031134,
      "misses": 0.48767497911552943
    },
    "Оценка выполнения задачи": {
      "uses": 4.309353526018641,
      "hits": 3.8216785469031134,
      "misses": 0.48767497911552943
    },
    "Система мониторинга": {
      "uses": 4.309353526018641,
      "hits": 3.8216785469031134,
      "misses": 0.48767497911552943
    },
    "Система поиска": {
      "uses": 4.309353526018641,
      "hits": 3.8216785469031134,
      "misses": 0.48767497911552943
    },
    "Система отчетности": {
      "uses": 4.321870730505764,
      "hits": 3.834195751390235,
      "misses": 0.48767497911552943
    },
    "Система выполнения задач": {
      "uses": 4.321870730505764,
      "hits": 3.834195751390235,
      "misses": 0.48767497911552943
    },
    "Определение целей и требований": {
      "uses": 4.321870730505764,
      "hits": 3.834195751390235,
      "misses": 0.48767497911552943
    },
    "Проверка кода": {
      "uses": 4.321870730505764,
      "hits": 3.834195751390235,
      "misses": 0.48767497911552943
    },
    "Система отслеживания статусов действий": {
      "uses": 4.321870730505764,
      "hits": 3.834195751390235,
      "misses": 0.48767497911552943
    },
    "Процесс выполнения задач": {
      "uses": 4.321870730505764,
      "hits": 3.834195751390235,
      "misses": 0.48767497911552943
    },
    "Управление рутинными задачами": {
      "uses": 4.402216725321417,
      "hits": 3.8888746420419134,
      "misses": 0.5133420832795047
    },
    "Система отчётности": {
      "uses": 4.412948663518564,
      "hits": 3.899606580239059,
      "misses": 0.5133420832795047
    },
    "Система отслеживания выполнения задач": {
      "uses": 4.412948663518564,
      "hits": 3.899606580239059,
      "misses": 0.5133420832795047
    },
    "Кодовая структура": {
      "uses": 4.412948663518564,
      "hits": 3.899606580239059,
      "misses": 0.5133420832795047
    },
    "Система управления задачами": {
      "uses": 4.412948663518564,
      "hits": 3.899606580239059,
      "misses": 0.5133420832795047
    },
    "Система обработки операций": {
      "uses": 4.412948663518564,
      "hits": 3.899606580239059,
      "misses": 0.5133420832795047
    },
    "Модульная архитектура обработки операций": {
      "uses": 4.412948663518564,
      "hits": 3.899606580239059,
      "misses": 0.5133420832795047
    },
    "Система анализа выполнения задач": {
      "uses": 4.428316506904816,
      "hits": 3.914974423625311,
      "misses": 0.5133420832795047
    },
    "Система сбора информации о системе": {
      "uses": 4.437517802416593,
      "hits": 3.9241757191370876,
      "misses": 0.5133420832795047
    },
    "Обработка задач": {
      "uses": 4.437517802416593,
      "hits": 3.9241757191370876,
      "misses": 0.5133420832795047
    },
    "Прогресс-отчет": {
      "uses": 4.536161606335412,
      "hits": 4.022819523055909,
      "misses": 0.5133420832795047
    },
    "Сбор информации о процессах": {
      "uses": 4.536161606335412,
      "hits": 4.022819523055909,
      "misses": 0.5133420832795047
    },
    "Обработка ошибок": {
      "uses": 4.536161606335412,
      "hits": 4.022819523055909,
      "misses": 0.5133420832795047
    },
    "Разделение задач": {
      "uses": 4.536161606335412,
      "hits": 4.022819523055909,
      "misses": 0.5133420832795047
    },
    "Система проверки выполнения команд": {
      "uses": 4.549337611058699,
      "hits": 4.035995527779195,
      "misses": 0.5133420832795047
    },
    "Система поиска информации": {
      "uses": 4.549337611058699,
      "hits": 4.035995527779195,
      "misses": 0.5133420832795047
    },
    "Проверка состояния системы": {
      "uses": 4.549337611058699,
      "hits": 4.035995527779195,
      "misses": 0.5133420832795047
    },
    "Разбиение задач на атомарные шаги": {
      "uses": 4.549337611058699,
      "hits": 4.035995527779195,
      "misses": 0.5133420832795047
    },
    "Сбор информации о диске": {
      "uses": 4.549337611058699,
      "hits": 4.035995527779195,
      "misses": 0.5133420832795047
    },
    "Автоматизация проверки выполнения задач": {
      "uses": 4.549337611058699,
      "hits": 4.035995527779195,
      "misses": 0.5133420832795047
    },
    "Система сбора информации о системных ресурсах": {
      "uses": 4.6339123424435975,
      "hits": 4.0935522547809615,
      "misses": 0.5403600876626365
    },
    "Логирование действий агента": {
      "uses": 4.6452091194932255,
      "hits": 4.104849031830589,
      "misses": 0.5403600876626365
    },
    "Структура кода": {
      "uses": 4.6452091194932255,
      "hits": 4.104849031830589,
      "misses": 0.5403600876626365
    },
    "Логирование действий": {
      "uses": 4.6452091194932255,
      "hits": 4.104849031830589,
      "misses": 0.5403600876626365
    },
    "Отчеты о выполненных задачах": {
      "uses": 4.6452091194932255,
      "hits": 4.104849031830589,
      "misses": 0.5403600876626365
    },
    "Регулярные отчеты": {
      "uses": 4.6452091194932255,
      "hits": 4.104849031830589,
      "misses": 0.5403600876626365
    },
    "Обработка ошибок в коде": {
      "uses": 4.6452091194932255,
      "hits": 4.104849031830589,
      "misses": 0.5403600876626365
    },
    "Обработка ошибок при записи данных": {
      "uses": 4.661385796741912,
      "hits": 4.121025709079275,
      "misses": 0.5403600876626365
    },
    "Обработка ошибок при работе с файлами": {
      "uses": 4.671071370964835,
      "hits": 4.1307112833021975,
      "misses": 0.5403600876626365
    },
    "Обработка ошибок и логирование": {
      "uses": 4.671071370964835,
      "hits": 4.1307112833021975,
      "misses": 0.5403600876626365
    },
    "Обработка ошибок при работе с файловой системой": {
      "uses": 4.774906954037276,
      "hits": 4.234546866374641,
      "misses": 0.5403600876626365
    },
    "Система обработки файлов": {
      "uses": 4.774906954037276,
      "hits": 4.234546866374641,
      "misses": 0.5403600876626365
    },
    "Логирование и обработка ошибок": {
      "uses": 4.774906954037276,
      "hits": 4.234546866374641,
      "misses": 0.5403600876626365
    },
    "Обработка ошибок файловой системы": {
      "uses": 4.774906954037276,
      "hits": 4.234546866374641,
      "misses": 0.5403600876626365
    },
    "Файловая система": {
      "uses": 4.788776432693368,
      "hits": 4.248416345030732,
      "misses": 0.5403600876626365
    },
    "Работа с API и библиотеками": {
      "uses": 4.788776432693368,
      "hits": 4.248416345030732,
      "misses": 0.5403600876626365
    },
    "Верификация и выполнение программного кода": {
      "uses": 4.788776432693368,
      "hits": 4.248416345030732,
      "misses": 0.5403600876626365
    },